Model,RMSE,MAE,MAPE
elm_pso,3.958427958746953,2.939222049068208,0.0174968991349972
elm_gs,3.992829722794825,2.968907754040109,0.0177136688991513
hybrid_pso,4.064281264193715,3.0317310960325603,0.017996776348689
lstm_pso,5.447684632912825,3.999929794387441,0.0226140686971705
lstm_gs,7.567172680951338,5.924893962803168,0.03409601043733589
arima,3.9542971702633576,2.9427605589884633,1.7517845701955672
